,PSNR,SSIM,LPIPS,CLIP
FAST,23.343917846679688,0.7912224267819564,0.13386931047961115,0.32561474609375
RL,23.78970718383789,0.8000024143141459,0.1259269386343658,0.3261331787109375
ORIGINAL,0.0,0.0,0.0,0.326326171875
