,PSNR,SSIM,LPIPS,CLIP,VIEScore
FAST,inf,1.0,0.0,0.2857259114583333,2.8856180831641267
RL,inf,1.0,0.0,0.2857259114583333,3.7996222751234057
