,PSNR,SSIM,LPIPS,CLIP,VIEScore
FAST,inf,1.0,0.0,0.2857259114583333,0.0
RL,inf,1.0,0.0,0.2857259114583333,0.0
