,PSNR,SSIM,LPIPS,CLIP,VIEScore
FAST,inf,1.0,0.0,0.2857259114583333,3.1948457352831077
RL,inf,1.0,0.0,0.2857259114583333,2.9185347457556454
