,PSNR,SSIM,LPIPS
FAST,23.179668426513672,0.7836641337598571,0.1556225190423429
RL,100.0,1.0,0.0
ORIGINAL,0.0,0.0,0.0
