,PSNR,SSIM,LPIPS,CLIP,VIEScore
FAST,23.243277924163014,0.7695311422501429,0.16336358239253362,0.3225179036458333,7.070222556754502
RL,24.846367061065667,0.8004452425806957,0.11707245260477066,0.32406005859375,7.267048227495233
