,PSNR,SSIM,LPIPS
FAST,13.952698434792644,0.6041244589820258,0.5303145427256822
RL,13.240499131772292,0.5845334093994272,0.5662915337085724
ORIGINAL,0.0,0.0,0.0
